,price(L)
1966,10.85
570,55.5
3388,69.58
343,39.99
3408,120.0
1602,62.0
678,195.0
1392,145.0
2791,24.0
2998,51.0
2290,75.2
1006,78.97
1657,83.32
1501,147.0
3019,76.78
2359,60.0
1366,312.0
576,70.2
2994,53.48
893,339.0
1480,96.1
3169,14.85
528,138.0
176,18.2
2113,58.0
422,31.5
680,87.0
2965,9.99
2320,69.1
3083,49.0
2987,51.36
2447,30.0
857,117.0
2916,80.0
288,54.0
999,83.98
2420,39.99
3323,22.49
1370,39.99
2898,69.0
177,26.0
1011,80.01
3447,7.0
1457,220.00000000000003
2382,30.55
370,99.81
1538,126.0
729,135.0
598,100.0
2591,18.0
1991,18.58
2461,20.12
1159,88.48
3530,13.46
1735,59.0
2664,17.38
141,41.9
1957,14.53
665,238.0
862,170.0
3225,21.09
654,63.0
471,108.0
2580,31.07
3458,36.73
759,138.0
3383,57.58
2942,18.37
3026,54.05
2218,74.4
2972,48.06
1222,124.0
195,320.0
532,191.0
1398,54.47
2236,54.0
1261,12.0
871,52.0
1034,83.43
227,12.31
3168,13.5
555,49.45
3074,160.0
2763,8.58
2830,82.0
3203,8.0
839,1315.0
879,36.0
631,166.0
3641,49.0
1255,325.0
162,49.0
219,21.16
1533,135.0
1068,290.0
1338,30.0
2620,145.0
2073,15.63
547,46.28
1780,13.45
3016,54.05
2272,86.53
568,70.0
1556,75.0
3469,27.0
1468,140.0
1067,91.24
2618,18.04
3231,23.0
1703,124.0
611,160.0
1674,26.96
1961,12.78
3354,91.36
1742,18.03
742,140.0
637,96.75
2554,20.57
2815,85.0
581,150.0
3521,22.68
3321,22.04
1412,160.0
73,180.0
48,68.61
1018,197.0
1940,24.7
2628,15.43
1667,17.11
3261,59.94
2321,64.06
756,83.95
1110,291.0
1987,18.39
3150,13.99
1511,126.0
1233,70.21
1681,165.0
3637,21.7
1498,35.14
2804,110.0
1427,22.0
1105,113.0
572,54.0
2357,19.19
2924,17.49
3457,43.99
1210,800.0
997,102.0
2232,65.57
2644,46.0
3023,160.0
1071,192.0
3197,40.78
2552,20.4
2167,139.0
1113,77.75
2242,76.22
1725,49.0
3374,33.0
259,165.0
1964,13.79
1883,36.0
3313,31.16
812,262.0
2631,16.5
2153,160.0
2765,8.37
2096,104.0
2834,84.0
3646,45.0
2372,9.99
3320,25.8
2399,15.0
1420,12.49
3443,2.99
1988,14.53
3333,20.87
1074,90.83
2588,27.99
2876,25.76
2685,15.91
2176,135.0
1950,12.87
1732,68.0
867,45.0
3033,54.05
3114,57.48
2776,12.37
3006,160.0
108,200.0
1146,244.0
1292,155.0
1330,56.7
3331,43.99
318,119.0
816,616.0
2732,32.0
59,77.68
3181,50.22
1461,109.0
1419,230.0
3532,18.39
1336,36.0
3565,27.0
1565,104.0
765,85.33
2555,19.97
1022,155.0
1001,79.1
1334,24.0
1315,85.0
1924,89.68
3140,14.69
727,153.0
1584,15.0
1720,67.0
220,99.94
1922,17.09
582,92.5
1091,33.99
3376,50.0
2338,55.18
940,62.0
56,57.34
187,62.0
3412,95.0
3292,19.24
2115,87.0
2462,20.12
2377,31.07
2516,43.81
1258,195.0
468,65.33
1187,189.0
1407,46.58
3276,180.0
226,17.62
535,151.0
905,82.0
1588,22.5
976,164.0
3596,267.0
2667,25.36
3621,125.0
697,107.0
1860,27.99
210,52.47
2921,14.15
69,123.0
734,136.0
1741,15.9
1876,25.05
3319,25.61
3199,31.1
376,72.0
436,95.09
2451,53.28
3195,17.38
2307,148.0
1972,17.01
208,46.85
2436,80.0
565,76.5
313,55.0
601,750.0
233,18.52
1539,98.53
1743,14.51
2956,9.99
1151,69.02
12,688.0
111,590.0
3081,58.0
2031,14.52
3254,74.76
3340,13.9
1706,81.56
2022,27.22
3076,54.05
3356,120.0
3349,13.2
472,207.0
490,116.0
1769,130.0
1814,13.51
831,918.0
2850,85.0
1601,810.0
3315,48.17
3635,21.7
1128,270.0
2885,58.0
1149,300.0
361,386.0
135,80.0
2507,43.53
3041,176.0
22,55.33
1805,12.0
2673,14.15
2630,13.87
695,100.0
420,21.84
3277,157.0
460,155.0
87,101.0
282,48.06
1114,284.0
2174,142.0
3115,57.48
3473,76.8
2162,95.76
859,115.0
533,93.75
2980,76.78
1345,11.3
1192,32.13
3328,20.25
3118,57.48
2577,54.0
2694,14.63
3604,13.52
3437,525.0
2302,103.0
3528,20.52
3574,28.6
2574,14.16
942,84.0
3516,485.0
2910,128.0
2003,720.0
2847,74.76
887,70.0
2611,15.59
685,145.0
413,76.97
789,17.59
2018,31.68
2985,48.96
2347,20.87
3496,90.0
3142,20.3
2633,21.28
272,22.24
1510,137.0
521,82.73
522,84.98
1613,77.82
350,78.21
1610,45.15
2571,13.7
2852,53.28
3269,170.0
651,63.0
1600,31.0
3414,525.0
3389,67.87
2947,30.0
3318,23.37
1436,22.0
2648,598.0
168,203.0
3394,39.0
962,51.24
945,416.0
462,50.0
3607,26.04
328,67.0
2897,69.0
3603,14.53
367,315.0
3160,13.7
2771,14.92
1947,13.52
1467,200.0
772,188.0
2329,76.78
3275,161.0
2880,2000.0
498,136.0
2250,71.2
435,100.0
365,414.0
3537,16.55
276,110.0
2425,21.84
2608,40.0
1426,22.0
407,64.62
1234,73.16
2431,16.17
844,146.0
1611,81.4
1206,39.0
1808,13.52
1298,130.0
1721,80.0
2968,45.0
1268,174.0
855,149.0
1551,97.48
2019,34.85
944,185.0
199,480.0
1442,125.0
1362,130.0
801,324.0
2522,150.0
1491,210.0
1488,68.0
231,30.87
3542,65.0
3027,160.0
3101,57.48
2024,14.52
2057,12.63
1609,55.0
3590,54.0
3492,66.0
2596,15.4
3258,39.96
191,62.0
104,60.0
2715,796.0
1557,80.0
3471,48.0
2228,76.8
2421,21.71
1377,39.99
1281,120.0
2795,16.95
2206,62.73
2589,21.84
1536,148.0
2969,45.0
1616,69.64
3569,34.5
1909,17.63
2661,20.9
3077,54.05
994,114.0
464,88.5
1263,46.2
1235,115.0
2940,25.05
3613,37.5
2211,58.56
1417,50.0
212,89.96
1036,85.64
3540,55.0
900,165.0
1403,83.98
2355,24.0
741,94.11
3215,30.06
2836,85.0
1912,11.53
509,28.78
597,110.0
2899,69.0
981,96.0
2210,81.6
3220,13.99
518,29.98
2525,6.41
767,119.0
2423,11.21
421,22.1
123,52.0
3510,340.0
3573,25.6
819,739.0
100,260.0
3217,33.6
3640,58.0
2789,17.5
3196,37.72
1103,506.0
2861,13.56
2700,28.86
2925,16.69
3585,450.0
2550,11.02
2014,43.21
2825,137.0
982,120.0
456,80.0
2883,56.0
2597,36.75
381,120.0
3410,228.0
1587,20.0
2241,65.65
1010,79.62
1907,10.85
3650,600.0
662,66.0
1424,22.0
1552,180.0
3468,8.4
1509,174.0
3618,1.32
2865,15.63
2892,79.0
3186,14.69
845,89.25
542,65.98
1874,22.5
2337,55.18
1948,16.55
1196,36.67
1102,106.0
2456,70.0
1483,158.0
2912,133.0
1727,59.0
2279,122.0
3425,125.0
1048,77.41
3357,125.0
1414,76.35
2464,20.12
2778,45.0
237,98.5
2725,17.11
2964,10.0
1133,74.92
2387,13.64
3004,160.0
163,70.0
1967,15.54
252,77.48
2430,16.9
2610,16.69
2269,84.3
930,128.0
2092,128.0
1429,22.0
1788,14.56
2669,21.09
1606,38.0
2028,14.52
2025,14.52
1090,98.12
2917,76.85
2840,51.5
1181,106.0
593,92.45
677,179.0
41,149.0
3141,35.75
2486,32.0
3042,1650.0
1637,53.28
243,94.0
1124,92.8
2189,769.0
2147,54.05
3264,28.38
261,85.8
1340,30.79
2053,12.58
2440,80.0
834,1014.0
3085,69.0
1402,112.0
2758,20.25
1351,55.0
340,79.99
1578,52.41
748,137.0
2159,30.8
480,78.2
1450,21.0
2010,28.8
3149,13.99
783,21.99
3557,262.0
3463,53.44
2396,23.39
2933,39.96
1811,12.63
2287,78.56
2011,84.6
3456,60.0
2409,49.69
2587,27.99
3266,28.38
1271,886.0
3222,26.7
1127,233.0
626,147.0
347,36.59
2351,53.4
2334,92.6
1818,12.36
979,153.0
3147,22.05
3652,265.0
911,26.0
2289,76.65
632,22.5
3531,14.71
445,53.9
617,66.28
1825,7.5
3078,54.05
3291,19.21
2678,14.63
1862,13.22
3105,57.48
1452,36.74
3464,28.0
2480,32.0
353,66.34
1232,69.72
613,96.88
1395,83.98
1620,129.0
2148,160.0
1995,14.62
2316,136.0
3438,525.0
57,85.78
2583,43.81
2615,18.59
2676,15.91
1253,150.0
3166,15.6
2297,225.0
2138,71.3
1849,25.99
2579,12.7
3230,23.0
2973,30.06
560,21.96
707,339.0
3156,13.5
424,16.02
1093,106.0
647,63.0
72,180.0
3335,18.37
1800,13.84
1454,700.0
1005,603.0
620,67.07
1391,77.68
2419,25.0
553,65.0
2501,84.99
3462,64.0
3246,10.85
2067,41.2
2340,17.99
998,77.38
3606,28.0
1423,22.0
1779,135.0
3347,13.1
1902,153.0
3639,190.0
2126,56.24
3192,17.38
440,215.0
508,29.46
1100,33.99
589,100.0
3358,180.0
649,63.0
3334,20.87
3054,57.48
3527,26.46
1764,6.56
3346,18.5
660,85.0
630,92.49
1872,62.0
1249,103.0
3465,25.0
482,161.0
2619,22.18
3259,28.38
3348,17.3
2543,27.3
3597,115.0
2179,127.0
856,98.26
1225,23.3
1190,130.0
1953,16.46
530,98.25
2488,75.0
49,58.8
1513,24.7
858,137.0
2677,15.19
1072,91.46
719,111.0
2346,13.52
1910,14.62
2740,65.0
2755,45.0
2117,230.0
2641,45.0
1921,400.0
2718,280.0
1577,74.23
1916,13.48
3294,18.9
2512,31.07
1850,13.96
1487,161.0
1503,19.0
2609,27.75
1385,90.77
1399,46.58
1195,975.0
3445,3.5
3212,40.0
3201,85.44
2129,45.0
297,36.99
2144,56.95
1264,182.0
1784,14.9
958,147.0
2495,32.0
3616,15.6
1983,17.93
2392,15.59
1374,39.99
1286,77.7
349,66.59
1368,325.0
2958,45.0
643,89.75
3069,160.0
1718,60.0
669,235.0
3317,27.99
1936,63.23
2992,53.48
1747,21.23
1179,93.06
2283,76.53
1592,14.5
2887,89.0
2069,21.34
2172,168.0
1357,87.84
786,15.39
3281,18.37
140,42.37
788,17.59
323,48.0
2475,12.5
714,109.0
1962,18.39
2762,8.85
3378,95.0
1749,12.05
3080,81.0
1608,140.0
618,160.0
406,65.63
1731,69.0
1886,240.0
2379,31.07
2358,25.49
2216,54.24
497,171.0
2063,29.61
342,39.99
2370,21.84
2761,8.95
782,21.99
1323,25.0
2827,150.0
1653,45.0
303,17.98
3155,21.09
3327,20.52
664,238.0
1177,88.04
1244,107.0
2233,55.0
2110,55.2
2764,8.42
3263,39.96
2381,27.0
84,236.0
2698,13.19
941,84.0
961,63.58
841,113.0
1993,18.39
2890,48.0
1729,58.0
2131,85.09
1891,95.0
290,36.3
2273,84.53
2519,26.28
1665,26.24
3064,160.0
3310,36.15
604,293.0
2483,16.0
916,51.0
3138,13.19
3034,54.05
1099,111.0
1088,108.0
2561,31.36
1927,43.85
821,2531.0
3365,30.0
3454,25.0
3103,57.48
3000,54.05
1302,26.4
1000,76.7
2005,43.2
2078,18.45
1477,110.0
18,81.25
493,161.0
1125,73.6
1404,103.0
2481,32.0
1904,13.72
2244,52.32
2221,130.0
1864,27.99
584,85.87
2607,60.0
687,408.0
2246,53.28
1642,82.98
2458,64.05
2527,28.0
1009,80.86
2937,41.06
360,246.0
3111,574.0
3338,25.99
2344,36.0
1310,1400.0
1801,14.68
3043,309.0
1866,51.77
3324,8.0
344,33.39
986,103.0
1882,36.0
743,85.66
1980,18.39
2013,23.44
1702,78.63
113,60.0
1437,123.0
1623,95.46
1241,71.12
1142,1400.0
2208,59.9
1216,270.0
1198,31.71
85,329.0
3610,17.47
2515,34.15
1381,126.0
2284,68.53
668,127.0
1014,115.0
128,47.0
1364,118.0
2886,3600.0
1717,95.63
891,311.0
2356,37.49
1359,97.2
307,69.0
383,9.0
150,42.37
1317,54.0
1451,14.03
1691,40.4
3520,21.33
426,14.85
494,225.0
1207,200.0
2639,23.4
2266,89.6
1208,150.0
2787,9.1
2953,55.86
3113,57.48
2514,34.15
1239,120.0
1869,58.56
1938,225.0
275,97.5
489,116.0
3359,55.0
1229,79.98
690,45.48
1963,18.03
2437,18.0
2712,480.0
3079,55.18
2689,19.43
2535,18.33
1058,180.0
118,70.0
1024,85.99
2384,18.89
281,489.0
3251,19.84
1316,72.0
3137,14.39
968,132.0
2752,26.7
1767,13.86
2114,53.95
619,105.0
3415,150.0
155,586.0
3566,27.25
1655,75.62
2256,65.85
304,18.15
2374,37.37
3285,31.71
2034,9.55
3655,60.0
2726,18.29
1307,129.0
2043,12.85
575,73.0
3306,35.86
3130,22.8
3194,15.67
1299,93.0
132,235.0
1971,14.62
2930,25.05
1770,120.0
843,112.0
1949,15.45
1877,33.3
269,50.82
629,184.0
1033,85.51
2119,66.55
286,28.8
1326,140.0
2696,14.23
300,37.8
2736,15.67
1447,36.5
1472,77.0
2594,21.59
3022,160.0
1965,16.09
65,83.43
2979,12.5
890,61.0
3593,65.0
3216,23.1
2304,76.78
1826,55.2
230,12.34
503,17.89
1813,13.51
2530,14.92
3536,13.79
1525,85.79
2102,76.8
1839,76.78
1004,76.05
836,321.0
2177,135.0
374,32.07
2402,34.44
2575,14.93
2702,18.33
939,108.0
1321,36.8
2564,38.0
2526,48.0
751,173.0
99,66.35
1543,28.0
2299,320.0
866,18.0
910,50.0
2178,127.0
1575,640.0
529,161.0
1260,28.0
2412,2.5
2245,55.63
636,154.0
1269,72.0
185,40.5
3238,20.87
1778,123.0
2328,55.18
931,90.28
1441,75.0
2234,55.0
2793,38.41
1535,123.0
865,12.0
2918,109.0
1273,185.0
2934,20.04
2130,68.31
607,237.0
3001,54.05
1712,65.84
2582,34.15
151,42.37
1918,83.97
3591,918.0
3368,48.75
2341,20.52
731,126.0
2008,36.0
3248,10.85
3325,12.0
23,82.65
3068,160.0
158,47.33
1748,25.33
861,150.0
2704,17.1
902,130.0
352,80.62
1230,84.21
2748,69.01
444,118.0
3581,150.0
754,93.35
1737,61.0
923,74.98
1666,21.52
3622,26.99
2566,19.11
311,65.0
1375,39.99
548,55.0
3404,270.0
1746,13.52
2111,55.2
2864,18.75
306,96.2
287,26.28
694,85.0
308,65.0
3500,189.0
1756,16.38
2819,84.0
2323,55.18
749,110.0
1590,14.5
1170,50.72
1925,21.56
1266,304.0
1894,18.9
2509,27.99
908,25.25
1960,17.93
86,128.0
2894,130.0
2576,31.2
3030,160.0
970,63.74
13,134.0
873,42.0
1723,59.0
808,374.0
3136,13.99
514,30.29
3159,15.91
409,58.78
2171,136.0
1337,24.0
1413,55.2
2754,24.0
1956,17.01
1833,65.85
2016,28.51
6,48.99
382,60.0
3392,67.87
2670,12.07
2499,24.88
1992,13.79
2254,74.58
1713,67.95
2380,14.0
2196,98.32
1393,113.0
552,201.0
3396,80.0
222,53.37
1382,160.0
1096,113.0
3162,26.7
8,107.0
634,96.75
316,54.75
1328,22.5
427,18.9
2369,11.21
105,38.0
2059,16.85
142,41.9
121,44.0
2860,81.0
2882,56.0
3494,65.0
1189,85.0
2405,16.5
3164,18.3
2046,14.85
1689,89.0
115,200.0
2413,40.4
3250,20.87
3037,165.0
3229,21.58
3411,550.0
3595,148.0
2465,22.0
2687,15.51
672,195.0
2859,58.0
91,135.0
1109,25.99
2157,160.0
591,135.0
3511,194.0
3398,69.99
3253,74.76
888,70.0
2318,168.0
2045,13.45
1576,77.83
2378,31.07
1714,103.0
213,22.49
778,190.0
2622,117.0
1448,36.74
2260,71.53
800,325.0
3014,54.05
2103,55.2
2163,114.0
1567,76.0
3448,7.0
3244,15.17
1518,100.0
2155,160.0
3303,26.82
1343,18.7
273,80.0
1812,12.58
71,148.0
720,52.5
1740,12.05
1087,307.0
394,68.75
583,116.0
3538,17.01
2453,24.48
2460,20.12
500,204.0
2476,11.0
2708,7.5
2468,23.1
3632,17.32
3559,160.0
2401,113.0
2123,58.93
1763,31.56
2768,21.08
1259,41.5
2602,12.24
2222,170.0
2350,21.12
205,42.5
733,118.0
1176,140.0
526,116.0
2866,17.56
915,124.0
898,107.0
377,54.0
2650,13.7
1559,88.0
3337,39.99
3267,26.0
348,66.59
386,100.0
198,2500.0
3577,45.6
1709,76.52
1050,199.0
590,106.0
519,44.98
2463,20.12
1628,26.4
2955,10.0
3274,156.0
429,14.22
1083,439.0
2672,14.39
2657,13.62
207,14.99
491,116.0
2002,57.6
1809,12.3
2077,15.64
3549,500.0
792,24.19
3384,49.58
3539,15.36
1186,1735.0000000000002
1185,98.9
1550,215.0
2348,16.56
1915,14.52
2015,57.03
2717,73.6
1530,114.0
1410,195.0
1476,106.0
2903,129.0
1797,16.4
83,284.0
1978,18.85
2878,22.35
2711,151.0
20,102.0
2716,97.29
1627,96.01
2805,142.0
2542,26.46
1405,76.16
2428,16.27
1730,67.0
1562,92.62
3647,49.0
3280,22.0
3070,54.05
973,40.74
1710,85.62
3402,105.0
2389,18.79
883,640.0
1098,264.0
156,167.0
2772,14.55
886,544.0
3656,65.0
2215,72.9
1512,51.3
3012,160.0
3032,54.05
2833,84.0
3082,51.0
3180,30.0
737,101.0
1453,15.0
1505,12.65
2517,67.89
2383,17.39
3228,25.09
458,58.2
2400,15.72
1951,16.09
78,187.0
3551,200.0
2534,18.72
1056,147.0
906,25.01
2578,13.62
2699,12.07
3283,15.07
380,360.0
947,109.0
2292,72.0
2446,135.0
2905,96.87
715,98.68
3599,57.0
686,553.0
3122,19.11
1293,98.08
305,160.0
209,37.48
1143,956.0
2706,20.89
3627,18.89
2325,65.4
885,325.0
1929,12.38
2238,250.0
917,24.0
3284,25.21
2258,86.32
2313,172.0
1265,239.0
483,171.0
2750,9.68
3163,22.0
277,59.0
988,69.49
1245,75.0
571,56.7
1435,22.0
993,116.0
2315,172.0
2493,42.0
585,116.0
1349,215.0
1007,600.0
674,129.0
447,71.55
2086,159.0
2753,25.05
2064,19.54
2900,88.12
3117,57.48
1690,95.0
3024,160.0
1247,119.0
1985,18.39
294,45.0
1547,28.26
2012,25.51
588,100.0
2810,90.0
425,27.0
1054,166.0
3044,141.0
556,64.5
3198,37.38
3474,60.0
3239,12.0
2784,6.0
1193,696.0
1716,124.0
3087,51.34
3299,12.49
3580,450.0
1285,82.0
2285,81.53
2310,177.0
2927,15.24
2087,136.0
1889,240.0
1591,36.5
3227,21.58
2194,79.8
2952,33.3
1137,85.71
2339,76.78
3440,8.0
3576,36.8
1711,77.65
3025,160.0
453,78.0
913,24.5
3206,108.0
1199,26.61
1274,250.0
37,75.69
974,170.0
983,112.0
3476,41.0
1418,86.0
1560,87.0
39,154.0
1486,61.98
2335,85.2
169,253.0
1355,130.0
2186,769.0
3288,42.0
2404,15.0
2415,75.48
1640,53.0
1290,119.0
1380,85.0
1933,23.38
579,57.0
2030,14.52
892,293.0
780,13.19
159,66.99
2,55.64
3049,57.48
849,43.27
3308,68.0
1596,6.6
1776,35.8
1913,14.58
1043,77.53
1544,36.11
2229,55.2
53,56.36
3524,20.52
1911,11.34
2459,52.5
824,1093.0
3271,169.0
1389,95.4
2997,50.0
2457,105.0
1607,58.05
1594,120.0
771,139.0
1868,58.56
1085,478.0
2496,10.0
1325,47.76
1463,108.0
806,479.0
3477,9.2
2270,86.5
2108,55.2
2603,33.11
3594,240.0
963,49.33
398,71.0
3427,145.0
704,142.0
431,17.28
292,30.19
3455,64.0
145,41.9
2033,14.51
2573,13.62
1165,37.8
2050,14.65
2868,17.8
339,798.0
2213,79.39
265,97.65
3089,55.18
1771,13.38
271,232.0
696,140.0
3625,26.99
244,122.0
3432,120.0
476,116.0
2032,42.5
3107,57.48
2298,1800.0
813,234.0
1914,14.53
3086,1650.0
3600,18.3
1804,13.96
2646,32.94
250,180.0
545,67.79
738,78.16
310,64.0
1131,81.05
1449,22.5
3544,56.0
15,82.24
3207,31.0
2567,32.94
2941,25.05
363,172.0
182,58.5
1194,26.62
2487,30.0
1121,112.0
1182,78.0
2684,14.39
614,73.93
1466,179.0
401,53.56
934,400.0
2417,66.5
3535,20.42
726,108.0
826,349.0
1521,113.0
136,160.0
628,110.0
334,59.0
390,135.0
3039,55.18
1817,13.45
3287,46.72
710,183.0
1039,150.0
3268,128.0
3158,33.0
1561,93.26
3361,55.0
3522,26.32
1112,55.0
1223,125.0
2439,5.0
1508,117.0
1750,16.56
3273,113.0
338,56.0
215,17.69
1341,17.59
3106,57.48
3421,600.0
2367,21.71
2274,71.53
2665,17.76
101,260.0
2626,25.0
171,284.0
107,60.0
3252,74.76
3642,58.0
2686,15.19
2442,22.0
2654,14.93
2484,16.0
2553,4.5
2881,40.0
2844,275.0
3133,21.6
1040,584.0
2120,50.83
1524,91.3
3116,57.48
2248,62.38
481,186.0
2600,20.92
3053,57.48
1762,24.56
2978,16.0
3653,95.0
2528,11.32
2498,48.4
405,60.27
757,156.0
2390,18.79
97,121.0
1333,6.75
3624,18.29
3377,50.0
2403,29.0
2058,14.55
3091,53.48
148,42.37
28,58.03
2500,76.74
2406,29.0
692,77.97
1386,111.0
1845,20.2
2503,66.74
1599,250.0
701,108.0
1708,71.28
454,80.0
2040,6.58
3583,420.0
609,75.0
167,210.0
730,92.67
2632,6.0
3379,55.0
2424,25.22
1622,32.4
587,100.0
1401,113.0
1700,76.65
2668,21.28
2877,26.84
1379,641.0
2089,188.0
2175,149.0
3515,165.0
2490,58.0
2963,13.69
441,208.0
2051,13.58
1301,26.53
3090,55.18
1304,23.7
236,12.49
520,63.98
735,115.0
3233,33.6
2106,76.8
592,85.17
1303,25.5
1387,99.28
2375,35.69
2714,120.0
3401,125.0
904,185.0
3095,57.48
1279,42.0
3355,70.0
3509,575.0
2308,136.0
2902,110.0
2996,50.29
2895,78.0
706,293.0
3218,56.0
745,136.0
1939,24.9
2398,44.0
513,18.76
81,171.0
1308,86.07
3031,54.05
914,24.0
3366,65.1
3350,17.45
774,141.0
329,200.0
2054,11.65
2001,72.0
943,84.0
822,1084.0
909,26.4
181,40.5
164,68.0
1523,113.0
451,70.0
1311,61.0
1111,111.0
3028,160.0
1287,94.0
327,40.8
1790,16.6
3235,22.95
2007,144.0
1858,91.56
312,75.0
832,2255.0
1201,576.0
2813,80.0
2649,25.17
2134,68.99
2209,80.97
2822,155.0
1481,86.07
777,128.0
799,23.09
54,57.83
1920,11.39
3145,20.7
2627,16.7
1701,65.3
2161,112.0
3423,190.0
987,86.05
2624,119.0
1394,112.0
768,138.0
3232,32.4
285,39.6
3213,27.0
428,22.5
2332,110.0
2079,22.31
722,51.66
951,195.0
2262,75.63
989,107.0
3406,95.0
2473,16.5
326,43.2
1383,98.25
1724,65.0
1086,108.0
341,79.99
147,41.9
2843,25.0
1107,264.0
848,97.0
966,153.0
2993,55.18
2203,111.0
661,120.0
1002,78.58
2845,47.99
3061,240.0
3405,160.0
3301,26.93
1879,20.04
3436,95.0
1203,39.0
1990,17.38
24,166.0
3428,270.0
2548,33.06
3478,10.0
2798,21.61
875,87.0
3282,17.16
938,90.28
2394,36.79
3047,176.0
3623,46.2
385,100.0
2792,38.41
3048,298.0
3442,3.0
2291,84.56
2545,23.27
936,90.28
3139,33.6
2360,341.0
3564,34.0
1332,5.4
1934,124.0
935,81.37
2418,38.0
566,65.0
1854,25.99
2946,33.3
2467,30.25
1645,63.78
2585,35.27
1792,14.56
1430,22.0
2820,150.0
1013,76.26
1928,34.56
2741,65.0
126,78.0
2629,2.5
1347,14.02
355,64.38
827,267.0
1639,31.52
984,118.0
2188,722.0
3102,57.48
2443,44.0
362,190.0
2349,53.4
345,33.39
2510,37.37
3093,57.48
711,408.0
2513,31.07
10,104.0
2935,27.99
2116,250.0
1834,158.0
793,24.19
3371,36.0
94,108.0
129,90.0
2371,29.99
2727,56.0
3541,60.0
2263,86.52
1900,56.0
2671,11.75
3364,18.0
1932,91.99
2991,55.18
1865,22.79
1658,63.8
516,66.95
1857,71.23
2243,78.65
1277,55.0
3526,26.46
950,101.0
1120,100.0
2204,68.73
419,264.0
922,65.34
2683,14.63
477,107.0
2035,14.51
2656,54.0
1692,4.1
2697,14.15
1471,64.56
1202,91.59
2438,10.8
1669,21.31
3628,19.21
1970,15.63
2151,160.0
820,128.0
1997,20.23
3497,49.0
1248,60.0
2679,15.51
3241,24.69
2190,94.33
3484,69.0
1046,76.71
1888,240.0
2469,10.27
615,89.23
1318,227.0
3517,605.0
3554,290.0
3568,26.58
2136,55.19
2988,51.36
1772,11.53
3598,150.0
131,265.0
77,154.0
2052,11.65
724,260.0
1314,55.0
1851,43.99
3561,45.0
2794,17.0
3020,160.0
1372,138.0
1855,165.0
1319,143.0
2560,22.54
3504,93.7
2647,8.32
375,71.07
1908,11.32
333,105.0
2746,92.01
2800,101.0
2365,27.0
1604,38.0
1118,275.0
3451,64.0
1943,27.0
2832,82.0
2376,31.07
3066,160.0
1342,18.03
320,84.38
1619,62.33
2970,33.3
2060,31.58
2219,92.7
1673,28.99
1942,23.62
260,100.0
2858,54.0
2039,156.0
689,147.0
901,60.39
2306,53.55
2026,14.52
138,130.0
1917,97.96
1828,75.38
1573,66.59
319,77.0
653,89.75
2137,75.9
2821,145.0
558,73.29
2187,722.0
112,38.0
531,249.00000000000003
224,16.45
723,48.93
2949,22.0
3127,25.09
1433,22.0
2373,27.99
2891,75.0
2913,116.0
1458,62.0
3290,35.0
846,181.0
193,300.0
1464,383.0
2621,287.0
946,98.28
2021,4.83
2551,17.0
1629,60.8
117,590.0
645,89.75
1870,58.56
3,60.48
74,113.0
1755,231.0
467,71.11
5,124.0
1246,131.0
919,26.0
2595,12.49
228,29.99
1063,85.9
2590,25.22
242,107.0
2775,17.68
1160,160.0
3058,160.0
2722,10.0
2563,48.36
1526,141.0
1605,38.0
3397,60.0
3631,28.99
2828,150.0
3096,736.0
1989,17.11
2856,15.5
2362,26.96
1975,10.82
1761,31.08
1305,129.0
1541,22.0
3644,49.0
2472,9.99
2642,48.36
622,33.39
2812,90.0
1493,24.0
110,135.0
2275,80.96
2759,37.5
1169,83.2
2989,51.36
232,24.99
66,108.0
3297,14.38
2072,31.24
2192,94.33
536,132.0
125,28.0
2133,78.19
1254,150.0
3018,54.05
1976,16.37
2990,51.75
2826,150.0
2075,18.23
484,225.0
1654,230.0
3260,25.05
2760,83.98
2922,13.19
1774,13.46
2410,26.0
918,24.0
1646,66.98
1026,85.64
1030,85.99
882,341.0
1335,32.0
2707,32.5
364,374.0
2125,56.24
27,64.24
473,111.0
525,86.62
725,77.0
55,53.9
638,91.59
302,20.13
3177,20.04
1276,67.0
3209,28.0
624,36.59
2055,15.68
1280,144.0
1049,79.41
336,130.0
47,78.41
106,260.0
2397,25.99
1079,94.21
2286,78.5
2261,56.48
1144,64.96
3223,25.36
2296,1800.0
1836,55.18
1753,25.2
1101,510.0
1968,15.82
2766,22.78
3344,17.88
523,54.98
2280,64.53
2692,17.11
1428,22.0
2581,34.15
3176,21.0
603,311.0
1489,1250.0
2855,15.5
2966,10.0
60,79.75
3351,23.45
671,195.0
92,131.0
666,181.0
1887,240.0
280,403.0
1719,764.0
359,77.36
899,37.66
1935,36.0
1994,18.39
2907,78.04
760,130.0
2158,133.0
3193,15.67
42,134.0
2173,142.0
204,32.49
1473,150.0
2100,55.2
2593,5.0
68,123.0
1875,25.05
2893,69.0
2231,56.64
137,160.0
796,30.79
2180,51.55
2128,500.0
758,155.0
541,98.32
1019,96.85
2788,4.0
165,650.0
248,54.28
1331,25.0
2017,47.53
446,49.0
2482,32.0
1358,225.0
2145,52.29
1329,26.25
2785,37.84
3619,12.4
2150,160.0
434,109.0
2122,58.93
577,58.0
2906,121.0
3343,11.56
2448,28.8
1848,20.25
762,121.0
388,121.0
235,17.99
3659,67.0
1984,17.47
267,77.35
770,500.0
2165,135.0
437,123.0
673,135.0
249,52.42
2201,74.25
1574,180.0
2142,50.77
2081,14.95
3188,16.19
3125,31.0
3341,23.48
448,228.0
1469,319.0
716,91.94
2915,80.28
3592,145.0
2048,17.81
1901,290.0
3036,50.29
1168,135.0
82,190.0
2943,22.0
2724,14.72
1460,80.4
2818,84.0
1893,12.05
1668,19.42
2756,27.45
2000,288.0
475,148.0
517,19.57
404,66.84
384,36.0
2954,8.0
2152,160.0
1633,70.24
3487,120.0
688,208.0
3035,165.0
1240,150.0
62,67.76
852,88.37
3353,130.0
3010,160.0
1262,14.39
223,19.99
2193,57.57
373,363.0
1824,34.98
3084,56.0
3584,200.0
3161,22.0
3270,171.0
9,108.0
2497,31.05
1944,21.33
1838,76.78
708,237.0
255,111.0
1617,28.01
389,122.0
1581,20.99
924,170.0
3382,45.98
3608,16.37
2508,42.27
2036,14.55
2920,32.0
1224,23.37
2549,7.49
1946,18.39
739,121.0
40,70.67
868,40.0
2779,30.15
539,120.0
2745,59.8
3052,57.48
2723,36.0
1371,39.99
1145,62.93
1031,94.99
372,63.75
667,133.0
357,59.86
967,132.0
2831,83.0
2783,9.0
1353,160.0
1035,88.2
470,102.0
3154,22.8
1396,103.0
3322,9.75
1549,133.0
1256,39.0
2094,132.0
1555,55.0
3148,25.05
1250,107.0
1699,55.0
1252,104.0
3373,46.0
3393,70.0
79,187.0
1172,39.0
814,632.0
1852,24.43
2220,150.0
2719,159.0
3200,85.44
2105,55.2
133,129.0
1140,1400.0
933,300.0
928,230.0
823,2444.0
1531,124.0
1214,89.6
504,54.37
3615,15.93
2395,27.59
1996,16.55
2434,21.89
1958,15.54
1384,113.0
894,237.0
828,318.0
3558,200.0
2523,31.95
1683,184.0
3132,22.05
3543,60.0
3056,160.0
652,89.75
172,250.0
38,974.0
3489,79.0
713,158.0
90,90.72
3601,29.4
1205,280.0
2923,19.99
3007,160.0
3144,23.0
1827,76.8
1155,37.8
1324,25.0
216,74.97
510,19.18
1680,165.0
499,116.0
3013,54.05
1856,625.0
1388,81.37
1519,75.79
2386,14.83
3316,34.03
2076,15.62
1540,28.27
1217,222.00000000000003
2681,12.7
3493,59.0
1416,89.4
2217,50.85
3063,160.0
1676,26.96
1197,31.92
1542,28.0
2960,25.05
2539,28.6
953,91.3
2635,11.0
750,94.03
2705,21.0
234,15.46
732,79.63
3649,190.0
1156,176.0
3131,21.09
2445,27.0
2982,53.48
1209,985.0
1065,61.26
2156,160.0
1062,302.0
2616,47.99
1167,850.0
1492,1350.0
2938,40.69
2995,55.93
3008,160.0
884,803.9999999999999
143,41.9
3587,120.0
850,195.0
2782,13.46
717,93.03
3466,64.0
2502,59.99
264,80.6
75,113.0
2492,55.44
395,59.25
3097,57.48
2224,582.0
3413,525.0
396,56.0
1365,170.0
3257,30.06
1903,52.63
595,106.0
2109,76.8
1296,99.0
1821,41.8
872,36.5
3467,8.4
3548,160.0
2326,54.6
1548,215.0
36,114.0
2710,506.0
3575,36.8
2143,71.25
3214,36.0
977,160.0
1571,8.25
1122,94.4
2786,26.0
2239,30.25
2967,45.0
2504,40.87
1892,27.6
675,178.0
2808,150.0
728,121.0
412,57.42
1516,28.96
1649,63.78
825,2388.0
616,84.38
114,260.0
417,139.0
1625,14.96
3017,54.05
2652,13.62
3582,120.0
89,101.0
2896,120.0
3187,14.84
2082,13.84
753,113.0
2546,18.44
1630,44.32
11,66.82
2444,62.7
284,36.0
1066,269.0
1191,340.0
1440,185.0
3418,75.0
3416,239.0
2738,20.88
3300,45.33
1568,54.45
2427,17.36
2737,12.0
3135,25.05
1687,80.0
851,219.0
2207,88.17
895,337.0
496,171.0
2305,57.48
1782,15.4
335,49.0
2839,80.0
515,18.33
1348,200.0
1015,140.0
2816,86.0
3426,105.0
3420,228.0
2809,150.0
3129,25.36
1781,16.32
2569,598.0
1785,13.96
2070,15.48
356,76.17
3479,45.0
1312,26.48
1635,57.6
550,45.0
2388,13.64
2479,22.0
2521,23.7
2265,95.63
2959,45.0
1227,115.0
3265,28.38
3059,160.0
957,68.13
1773,125.0
2141,66.21
1008,81.64
1092,510.0
3256,59.94
2744,59.8
996,88.84
1679,28.99
153,666.0
3395,58.0
2908,122.0
2837,83.0
580,35.0
1470,99.98
703,152.0
1212,155.0
896,95.63
487,171.0
559,67.62
1141,39.6
1119,71.17
2849,64.0
512,18.97
633,75.0
3143,17.0
1664,16.0
1012,190.0
1931,80.0
1150,97.25
2838,95.0
3422,143.0
116,135.0
740,111.0
3369,48.0
1974,20.23
1081,142.0
1810,13.51
830,1535.0
119,260.0
656,89.75
3329,18.35
3278,164.0
3571,27.0
635,154.0
369,63.0
268,1200.0
2703,19.99
2983,54.05
2870,18.75
2914,109.0
46,60.76
3386,47.98
991,106.0
876,90.0
773,147.0
1219,178.0
1126,255.0
4,113.0
3051,57.48
1595,51.57
3124,42.72
2311,153.0
3040,166.0
3502,485.0
2491,55.0
3050,57.48
1077,79.82
837,1317.0
681,260.0
1715,76.3
2352,7.19
2617,25.19
2361,18.0
2197,98.32
1148,37.8
574,160.0
50,76.93
853,88.92
1982,10.85
2774,19.38
1823,40.0
833,806.0
1115,276.0
1166,404.0
2518,18.14
1906,11.63
971,63.37
2701,47.99
399,50.75
2559,24.92
2368,399.0
19,106.0
684,697.0
35,118.0
2950,12.99
3452,53.44
2875,27.81
524,86.62
2455,16.32
920,103.0
1841,39.99
1890,240.0
537,166.0
2806,75.0
1705,76.52
3570,45.0
3110,57.48
245,87.29
3175,42.0
784,16.49
1409,135.0
2537,18.22
154,719.0
3009,160.0
1686,76.5
2901,85.78
625,129.0
2733,8.0
3506,137.0
1346,12.74
569,56.5
3572,41.2
1758,23.1
1816,16.84
2065,16.47
127,42.0
3630,28.99
2006,46.51
2975,21.28
980,150.0
3626,16.49
190,66.0
1139,79.58
992,103.0
699,530.0
3330,19.84
606,237.0
180,67.5
301,31.5
2544,26.91
3387,45.98
1060,61.33
3439,150.0
3508,140.0
2565,46.0
1069,137.0
2524,31.2
2205,121.0
1243,185.0
3243,39.99
16,227.0
3120,48.0
3633,19.21
546,74.41
658,89.75
3293,17.53
3067,160.0
3336,39.99
1504,60.9
959,115.0
2926,21.0
2331,68.95
797,30.79
225,12.49
2074,19.64
1799,12.65
2485,16.0
3611,16.55
2277,81.6
2085,158.0
1693,4.08
2797,54.0
1045,84.28
469,209.0
954,162.0
3629,28.99
2735,15.67
3514,400.0
639,66.0
3390,48.74
1218,124.0
1158,37.8
1415,130.0
3305,37.77
1527,98.53
3560,42.0
1300,34.5
3495,50.0
2848,102.0
1603,48.0
160,9.31
1704,76.51
956,107.0
3234,21.6
2869,19.66
3552,194.0
877,65.0
1919,20.99
2961,39.6
1884,36.0
2200,157.0
98,451.0
3449,57.6
2557,15.67
3183,27.5
3298,14.02
253,112.0
103,70.0
1445,23.39
1443,220.00000000000003
1648,82.98
586,100.0
627,73.99
1696,17.32
3191,15.67
2101,76.8
2199,769.0
403,66.35
1154,68.87
2255,62.8
2863,16.58
1682,500.0
3170,27.0
3424,145.0
2056,18.6
3062,160.0
3470,48.0
3108,57.48
452,69.0
2301,79.73
1327,20.0
2944,74.76
2049,16.84
880,327.0
3555,185.0
623,59.99
2393,17.83
3381,47.98
1787,13.56
262,84.17
1634,60.0
1438,227.0
2198,769.0
1969,14.53
2520,45.0
1802,13.84
640,78.0
3643,56.0
2385,11.84
2598,20.12
3453,28.0
1959,13.79
2976,32.0
488,161.0
1843,25.99
1734,89.0
2911,92.74
3219,108.0
146,41.9
1534,67.75
1986,16.37
1369,39.99
2450,25.92
3578,25.0
3002,54.05
2811,95.0
659,137.0
1794,13.56
2511,35.69
186,40.95
1147,70.18
3272,31.16
608,337.0
2191,57.57
2799,9.6
1930,23.86
3029,160.0
197,400.0
2931,25.05
2327,67.0
293,28.8
766,84.0
400,66.11
122,72.0
3255,25.05
202,23.78
835,744.0
2294,210.0
1439,936.0
1733,63.0
1695,14.79
3567,27.58
1707,89.6
3550,75.0
1153,55.0
1661,21.99
2432,23.92
3431,270.0
1759,16.38
854,48.6
1589,44.99
2267,76.3
641,63.0
1,85.8
2160,112.0
698,130.0
3579,42.0
2999,55.0
1636,50.56
3184,26.87
1291,99.37
3483,70.0
2489,46.0
1520,88.0
1853,17.1
1136,85.71
3304,210.0
3534,14.44
1631,37.28
1998,18.39
663,236.0
683,114.0
1257,95.0
3446,3.5
317,114.0
648,89.75
1434,22.0
1479,36.5
709,337.0
3430,95.0
1282,72.0
1768,178.0
972,51.08
2675,13.19
2680,13.62
1306,129.0
1400,145.0
1408,57.72
3296,16.38
2237,52.93
3302,145.0
1496,52.2
3419,265.0
2038,75.62
1529,123.0
1663,19.31
1354,90.0
3563,42.5
3589,29.0
1643,82.98
1051,189.0
795,20.89
2693,11.75
3060,160.0
1597,63.35
2604,50.0
2729,29.0
2625,16.0
1819,13.57
3157,10.0
3314,56.67
1722,61.0
1183,58.0
2572,12.7
1059,167.0
540,38.34
3242,43.99
1678,30.3
2796,33.0
3523,19.84
2532,13.35
1757,15.0
1923,22.45
95,134.0
1020,158.0
563,92.89
3312,40.3
2790,9.1
863,60.0
1484,160.0
2939,16.19
1881,54.0
1038,79.58
206,59.97
392,54.75
2842,87.61
870,50.0
397,52.5
2814,88.0
3512,300.0
3289,38.5
1028,83.43
2690,17.59
1485,117.0
2660,15.86
960,63.52
1570,54.45
2773,13.72
1895,21.0
2731,17.25
2146,52.25
804,400.0
1751,17.54
2454,20.65
502,228.0
3119,57.48
3104,57.48
2977,16.0
779,159.0
1863,30.79
200,21.7
2182,51.55
3099,326.0
2088,162.0
3065,160.0
2278,56.23
1796,125.0
378,120.0
2336,75.79
418,75.0
1698,250.0
391,105.0
2640,31.36
1522,141.0
1162,210.0
3134,25.05
1495,35.5
2695,14.39
2027,14.52
1152,76.0
1367,738.0
2568,8.32
64,69.16
2062,27.56
1180,74.8
3112,57.48
492,171.0
379,60.0
2235,291.0
763,95.33
2264,123.0
791,32.99
1076,91.63
878,39.0
337,175.0
2767,13.26
2343,13.52
1016,102.0
1275,75.0
3533,14.53
455,78.0
3342,18.5
815,316.0
2317,144.0
995,125.0
1981,17.01
201,38.98
161,75.0
1579,90.0
2777,11.32
2449,31.68
702,126.0
1500,95.0
1129,124.0
2613,20.51
3461,53.55
1021,83.43
3073,160.0
3459,70.38
1585,21.0
1955,17.01
3152,13.19
2253,53.23
34,85.03
775,177.0
2556,15.3
3499,69.0
1478,82.0
3003,54.05
1390,131.0
2139,83.71
1363,200.0
2945,74.76
2612,20.51
3417,420.0
2824,170.0
2041,14.65
241,483.0
2061,23.84
2363,43.81
600,176.0
2435,20.44
1297,82.0
2214,60.3
2888,75.0
2068,19.45
646,63.0
3556,142.0
3202,85.44
1528,83.0
2879,31.25
1267,231.0
1899,15.24
562,86.05
3614,18.75
2734,16.0
3005,160.0
189,62.0
1806,13.85
975,167.0
2747,38.41
3547,65.0
2047,6.5
2558,79.0
1082,115.0
474,101.0
2904,73.35
747,94.1
2300,81.72
21,100.0
3385,48.98
459,95.12
1184,74.8
2324,75.4
955,156.0
1215,80.5
2433,26.1
2853,48.0
3485,130.0
1515,14.04
2391,20.51
769,93.33
3380,34.82
1685,27.0
130,18.0
2919,90.85
3171,17.0
3444,13.0
2135,68.96
1482,158.0
330,139.0
1238,75.0
466,160.0
2169,160.0
1638,36.8
3092,57.48
1095,39.99
1130,108.0
1294,155.0
860,148.0
3507,120.0
3174,13.19
